[{"image_id": 1244, "caption": "a group of people sitting on a beach with a surfboard ."}, {"image_id": 502, "caption": "a bear is standing in the grass near a tree ."}, {"image_id": 74, "caption": "a dog is sitting on a bench in a park ."}, {"image_id": 1270, "caption": "a baseball player swinging a bat at a ball ."}, {"image_id": 589, "caption": "a man holding a frisbee in a field ."}, {"image_id": 730, "caption": "a red double decker bus driving down a street ."}, {"image_id": 599, "caption": "a cat is sitting on a bed with a dog on it ."}, {"image_id": 810, "caption": "a person holding a hot dog on a bun with a knife ."}, {"image_id": 285, "caption": "a bear is standing in the grass near a tree ."}, {"image_id": 724, "caption": "a stop sign with a stop sign on it ."}, {"image_id": 1089, "caption": "a man wearing a suit and tie standing in a room ."}, {"image_id": 133, "caption": "a small white vase with a large window ."}, {"image_id": 872, "caption": "a baseball player swinging a bat at a ball ."}, {"image_id": 1000, "caption": "a group of people playing a game of frisbee ."}, {"image_id": 1153, "caption": "a bunch of bananas sitting on a table ."}, {"image_id": 775, "caption": "a fire hydrant on a street corner with a street sign ."}, {"image_id": 999, "caption": "a baseball player swinging a bat at a ball ."}, {"image_id": 1063, "caption": "a giraffe standing in a field with a large tree ."}, {"image_id": 632, "caption": "a living room with a couch , a couch , and a chair ."}, {"image_id": 1029, "caption": "a plane flying over a bridge over a river ."}, {"image_id": 1290, "caption": "a baby is sitting on a couch with a stuffed bear ."}, {"image_id": 987, "caption": "a kitchen with a stove and a stove top oven ."}, {"image_id": 923, "caption": "a train is traveling down the tracks in the snow ."}, {"image_id": 1103, "caption": "a group of boats floating in a body of water ."}, {"image_id": 42, "caption": "a teddy bear sitting on a bench in a park ."}, {"image_id": 1176, "caption": "a man is riding a skateboard down a street ."}, {"image_id": 564, "caption": "a man holding a tennis racket on a tennis court ."}, {"image_id": 397, "caption": "a pizza with a sandwich and a cup of coffee ."}, {"image_id": 139, "caption": "a living room with a couch , a couch , and a couch ."}, {"image_id": 776, "caption": "a teddy bear is sitting on a bench ."}, {"image_id": 772, "caption": "a herd of sheep grazing on a lush green field ."}, {"image_id": 164, "caption": "a kitchen with a stove and a stove top oven ."}, {"image_id": 486, "caption": "a kitchen with a stove and a stove top oven ."}, {"image_id": 764, "caption": "a group of people standing on a beach with a surfboard ."}, {"image_id": 626, "caption": "a clock tower with a clock on it ."}, {"image_id": 885, "caption": "a tennis player is swinging a racket on a tennis court ."}, {"image_id": 757, "caption": "a herd of elephants walking across a dirt road ."}, {"image_id": 802, "caption": "a kitchen with a sink and a sink ."}, {"image_id": 974, "caption": "a man is riding a horse in a field ."}, {"image_id": 1138, "caption": "a living room with a couch , a couch , and a chair ."}, {"image_id": 675, "caption": "a cat is sitting on a bed with a cat on it ."}, {"image_id": 208, "caption": "a man is standing in a mirror while a dog looks at the camera ."}, {"image_id": 143, "caption": "a bird perched on a branch of a tree ."}, {"image_id": 1171, "caption": "a large building with a clock on it ."}, {"image_id": 985, "caption": "a bus is parked on the side of a road ."}, {"image_id": 192, "caption": "a baseball player swinging a bat at a ball ."}, {"image_id": 1292, "caption": "a man is sitting on a bench in a park ."}, {"image_id": 761, "caption": "a group of people skiing down a snow covered slope ."}, {"image_id": 360, "caption": "a person is riding a skateboard down a street ."}, {"image_id": 636, "caption": "a toilet with a toilet and a sink in a bathroom ."}, {"image_id": 1205, "caption": "a living room with a large window and a window ."}, {"image_id": 590, "caption": "a bathroom with a toilet and a sink in a bathroom ."}, {"image_id": 328, "caption": "a group of people standing around a large building ."}, {"image_id": 459, "caption": "a man in a suit and tie is standing in a room ."}, {"image_id": 939, "caption": "a bathroom with a toilet and a sink in a bathroom ."}, {"image_id": 196, "caption": "a table with a plate of food and a drink ."}, {"image_id": 357, "caption": "a group of people standing on a beach with a surfboard ."}, {"image_id": 969, "caption": "a man holding a frisbee in a field ."}, {"image_id": 715, "caption": "a bunch of bananas hanging from a tree ."}, {"image_id": 428, "caption": "a young boy holding a baby in a black and white photo ."}, {"image_id": 1180, "caption": "a group of people sitting around a table with a cake ."}, {"image_id": 294, "caption": "a man in a kitchen with a large mirror ."}, {"image_id": 1268, "caption": "a man is riding a horse in a field ."}, {"image_id": 1228, "caption": "a zebra standing in a field with a large tree ."}, {"image_id": 1149, "caption": "a group of people standing around a large window ."}, {"image_id": 1146, "caption": "a man wearing a suit and tie standing in a room ."}, {"image_id": 1064, "caption": "a plate of food with a sandwich and a bowl of soup ."}, {"image_id": 699, "caption": "a close up of a fire hydrant in a field ."}, {"image_id": 73, "caption": "a motorcycle parked in a parking lot with a large building ."}, {"image_id": 836, "caption": "a man riding a snowboard down a snow covered slope ."}, {"image_id": 359, "caption": "a street sign with a clock on it ."}, {"image_id": 338, "caption": "a kitchen with a stove and a stove top oven ."}, {"image_id": 827, "caption": "a zebra standing in a field with a large tree ."}, {"image_id": 520, "caption": "a group of boats floating in a body of water ."}, {"image_id": 488, "caption": "a group of people playing a game of frisbee ."}, {"image_id": 472, "caption": "a small plane flying in the sky over a body of water ."}, {"image_id": 395, "caption": "a man wearing a hat and a woman standing in front of a building ."}, {"image_id": 257, "caption": "a group of people standing around a large building ."}, {"image_id": 641, "caption": "a bus is parked on the side of a road ."}, {"image_id": 387, "caption": "a computer mouse sitting on a desk with a laptop computer ."}, {"image_id": 661, "caption": "a hot dog with a sandwich and a knife ."}, {"image_id": 785, "caption": "a man riding skis down a snow covered slope ."}, {"image_id": 692, "caption": "a baby is sitting on a couch with a stuffed bear ."}, {"image_id": 415, "caption": "a man swinging a tennis racket on a tennis court ."}, {"image_id": 474, "caption": "a man holding a frisbee in a field ."}, {"image_id": 241, "caption": "a group of people playing a video game on a couch ."}, {"image_id": 962, "caption": "a man holding a tennis racquet on a tennis court ."}, {"image_id": 873, "caption": "a large building with a clock on it ."}, {"image_id": 1164, "caption": "a man riding a horse in a field ."}, {"image_id": 544, "caption": "a baseball player swinging a bat at a ball ."}, {"image_id": 1083, "caption": "a herd of sheep grazing on a lush green field ."}, {"image_id": 136, "caption": "a giraffe standing in a field with a large tree ."}, {"image_id": 693, "caption": "a woman sitting on a bench with a dog ."}, {"image_id": 283, "caption": "a table with a bunch of bananas on it ."}, {"image_id": 623, "caption": "a baby is sitting on a couch with a stuffed bear ."}, {"image_id": 831, "caption": "a man riding a skateboard down a street ."}, {"image_id": 400, "caption": "a boat is sitting on the side of a road ."}, {"image_id": 711, "caption": "a bed with a bed and a white bed and a white cat ."}, {"image_id": 536, "caption": "a group of people sitting on a couch with a large teddy bear ."}, {"image_id": 569, "caption": "a bunch of birds sitting on top of a wooden bench ."}]